{"cameraMode":{"drawMode":0,"name":"Shaded","section":"Shading Mode"},"sceneLighting":false,"audioPlay":false,"sceneViewState":{"m_AlwaysRefresh":false,"showFog":true,"showSkybox":false,"showFlares":true,"showImageEffects":true,"showParticleSystems":true,"showVisualEffectGraphs":true,"m_FxEnabled":true},"in2DMode":false,"pivot":{"x":0.07900810241699219,"y":4.208323001861572,"z":0.10204505920410156},"rotation":{"x":-0.1837671548128128,"y":-0.5956553220748901,"z":0.14238551259040833,"w":-0.7689213752746582},"size":12.667319297790528,"orthographic":false}